{"cameraMode":{"drawMode":0,"name":"Shaded","section":"Shading Mode"},"sceneLighting":false,"audioPlay":false,"sceneViewState":{"showFog":true,"showMaterialUpdate":false,"showSkybox":true,"showFlares":true,"showImageEffects":true,"showParticleSystems":true},"in2DMode":false,"pivot":{"x":858.4689331054688,"y":2837.114990234375,"z":11.8443603515625},"rotation":{"x":0.007499845698475838,"y":2.8818624286941488e-7,"z":6.405674923826155e-8,"w":0.999971866607666},"size":9950.880859375,"orthographic":false}