{"cameraMode":{"drawMode":0,"name":"Shaded","section":"Shading Mode"},"sceneLighting":false,"audioPlay":false,"sceneViewState":{"showFog":true,"showMaterialUpdate":false,"showSkybox":false,"showFlares":true,"showImageEffects":true,"showParticleSystems":true},"in2DMode":false,"pivot":{"x":2.0446128845214845,"y":-15.761577606201172,"z":34.00533676147461},"rotation":{"x":0.13955403864383698,"y":0.11674976348876953,"z":-0.016572218388319017,"w":0.9831681251525879},"size":29.822927474975587,"orthographic":false}