{"cameraMode":{"drawMode":0,"name":"Shaded","section":"Shading Mode"},"sceneLighting":false,"audioPlay":false,"sceneViewState":{"showFog":true,"showMaterialUpdate":false,"showSkybox":false,"showFlares":true,"showImageEffects":true,"showParticleSystems":true},"in2DMode":false,"pivot":{"x":1.6253533363342286,"y":1.5136077404022217,"z":-51.826072692871097},"rotation":{"x":0.12417571991682053,"y":0.356900691986084,"z":-0.04793189465999603,"w":0.9246106743812561},"size":67.42090606689453,"orthographic":false}