{"cameraMode":{"drawMode":0,"name":"Shaded","section":"Shading Mode"},"sceneLighting":false,"audioPlay":false,"sceneViewState":{"showFog":true,"showMaterialUpdate":false,"showSkybox":true,"showFlares":true,"showImageEffects":true,"showParticleSystems":true},"in2DMode":false,"pivot":{"x":854.6046752929688,"y":1665.7852783203125,"z":-12.5830078125},"rotation":{"x":0.008999884128570557,"y":-3.32104210798434e-9,"z":5.4848698499698759e-11,"w":0.9999595284461975},"size":4370.6318359375,"orthographic":false}